{
  "correlation": 0.3068853130785813,
  "mae_ds": 165.83722344651065,
  "rmse_ds": 220.75384185978928,
  "avg_relative_error": 9.678001813739657,
  "sign_mismatch_rate": 0.24116811645659506,
  "calibration": {
    "slope": 1.2107896617746121,
    "bias": -25.161811131226724
  },
  "coverage_ratio": 0.9999408284023669,
  "avg_corr_player1_half": -0.003444414038580847,
  "avg_corr_player2_half": 0.033154315216052,
  "avg_corr_all": 0.014854950588735576,
  "worst_dims": [
    [
      94,
      -0.262980800087922
    ],
    [
      46,
      -0.25889192884886597
    ],
    [
      43,
      -0.2537572368306397
    ],
    [
      41,
      -0.23521520283177547
    ],
    [
      29,
      -0.2347928940815588
    ]
  ],
  "best_dims": [
    [
      211,
      0.3228865922521138
    ],
    [
      225,
      0.24160928286885086
    ],
    [
      267,
      0.2386812064292327
    ],
    [
      328,
      0.23747544896006723
    ],
    [
      323,
      0.23125732523120549
    ]
  ],
  "per_street_correlation": {
    "0": 0.597957004867881,
    "1": 0.4994225864895317,
    "2": 0.3189899249323207,
    "3": 0.33522304807587544
  }
}