{
  "correlation": 0.32586529987607515,
  "mae_ds": 136.28529979960268,
  "rmse_ds": 188.60695906643014,
  "avg_relative_error": 15.035320120851695,
  "sign_mismatch_rate": 0.22384032285743027,
  "calibration": {
    "slope": 0.8991335533440262,
    "bias": 6.367932838603843
  },
  "coverage_ratio": 0.9999467455621301,
  "avg_corr_player1_half": -0.007199660441267339,
  "avg_corr_player2_half": 0.014149695139684072,
  "avg_corr_all": 0.0034750173492083666,
  "worst_dims": [
    [
      45,
      -0.07100145963208446
    ],
    [
      324,
      -0.07013000668424436
    ],
    [
      284,
      -0.06976049199499643
    ],
    [
      81,
      -0.06919044254214529
    ],
    [
      16,
      -0.06837993508024243
    ]
  ],
  "best_dims": [
    [
      211,
      0.22878402813240362
    ],
    [
      183,
      0.22614499006199998
    ],
    [
      197,
      0.20523754870308036
    ],
    [
      253,
      0.19911660419145824
    ],
    [
      295,
      0.19060370728828607
    ]
  ],
  "per_street_correlation": {
    "0": 0.6246977544650867,
    "1": 0.5207016309436943,
    "2": 0.35312899444509666,
    "3": 0.3297447465164635
  }
}