{
  "correlation": 0.3011706327306931,
  "mae_ds": 121.46169980392952,
  "rmse_ds": 167.17065003707933,
  "avg_relative_error": 12.572241745969796,
  "sign_mismatch_rate": 0.23218538735780114,
  "calibration": {
    "slope": 0.7806749448585407,
    "bias": 15.450669807232288
  },
  "coverage_ratio": 0.9999852071005917,
  "avg_corr_player1_half": -0.030855735959450955,
  "avg_corr_player2_half": -0.06727823367449112,
  "avg_corr_all": -0.04906698481697104,
  "worst_dims": [
    [
      256,
      -0.1838432151646925
    ],
    [
      204,
      -0.16294219105900795
    ],
    [
      292,
      -0.15258795645254336
    ],
    [
      191,
      -0.15094524755807728
    ],
    [
      296,
      -0.14983255867258288
    ]
  ],
  "best_dims": [
    [
      323,
      0.14349994266851251
    ],
    [
      337,
      0.1253456296292953
    ],
    [
      211,
      0.12317859620483855
    ],
    [
      239,
      0.120940758568186
    ],
    [
      267,
      0.12036067014036415
    ]
  ],
  "per_street_correlation": {
    "0": 0.6471816348750883,
    "2": 0.4057609961061171
  }
}