{
  "epoch": 46,
  "phase": "train",
  "loss": 0.26589862571565476,
  "mae": 0.5060521595100476,
  "rmse": 0.8062987377164691,
  "correlation": {
    "overall": 0.4560962788429425,
    "p1": 0.16560804843902588,
    "p2": 0.5907099843025208,
    "street": {
      "pre": 0.44177888219364597,
      "flop": NaN,
      "turn": 0.46104004745756966,
      "river": NaN
    }
  }
}