{
  "epoch": 50,
  "phase": "train",
  "loss": 0.2611431439949141,
  "mae": 0.5122419097475489,
  "rmse": 0.8318264115716654,
  "correlation": {
    "overall": 0.46981474266447854,
    "p1": 0.12127870321273804,
    "p2": 0.6287958025932312,
    "street": {
      "pre": 0.45986620453777083,
      "flop": NaN,
      "turn": 0.4762150377752753,
      "river": NaN
    }
  }
}