{
  "epoch": 22,
  "phase": "train",
  "loss": 0.29089569941240967,
  "mae": 0.5992030926985759,
  "rmse": 0.8576688523256528,
  "correlation": {
    "overall": 0.43618630123884605,
    "p1": 0.09219474345445633,
    "p2": 0.6106401681900024,
    "street": {
      "pre": 0.45747869838495864,
      "flop": NaN,
      "turn": 0.42974296835063847,
      "river": NaN
    }
  }
}