{
  "epoch": 2,
  "phase": "valid",
  "loss": 0.3110161665103043,
  "mae": 0.6634659089581829,
  "rmse": 0.8866492728887375,
  "correlation": {
    "overall": 0.3010986545777445,
    "p1": -0.031684182584285736,
    "p2": -0.06773293763399124,
    "street": {
      "pre": 0.6470413363289207,
      "flop": NaN,
      "turn": 0.4056833696161839,
      "river": NaN
    }
  }
}