{
  "epoch": 1,
  "phase": "valid",
  "loss": 0.44454048605809204,
  "mae": 0.7681912600363711,
  "rmse": 0.9984763322019843,
  "correlation": {
    "overall": 0.3068853130785813,
    "p1": -0.003444412723183632,
    "p2": 0.03315431624650955,
    "street": {
      "pre": 0.597957004867881,
      "flop": 0.4994225864895317,
      "turn": 0.3189899249323207,
      "river": 0.33522304807587544
    }
  }
}