{
  "epoch": 30,
  "phase": "valid",
  "loss": 0.3066080645744291,
  "mae": 0.6616216865995224,
  "rmse": 0.8743016941898051,
  "correlation": {
    "overall": 0.2631731680616547,
    "p1": -0.03865307942032814,
    "p2": -0.06312981247901917,
    "street": {
      "pre": 0.6385483321027465,
      "flop": NaN,
      "turn": 0.3650723911416378,
      "river": NaN
    }
  }
}