{
  "epoch": 33,
  "phase": "train",
  "loss": 0.2680853633902122,
  "mae": 0.533876359157558,
  "rmse": 0.8272256870175009,
  "correlation": {
    "overall": 0.4542815272401697,
    "p1": 0.1417248249053955,
    "p2": 0.6073664426803589,
    "street": {
      "pre": 0.4577507572845598,
      "flop": NaN,
      "turn": 0.45285982185357465,
      "river": NaN
    }
  }
}