{
  "epoch": 11,
  "phase": "valid",
  "loss": 0.3066226394428161,
  "mae": 0.6616036669511548,
  "rmse": 0.8743083664514034,
  "correlation": {
    "overall": 0.2631687344843376,
    "p1": -0.038791973143815994,
    "p2": -0.06318863481283188,
    "street": {
      "pre": 0.6384968020587686,
      "flop": NaN,
      "turn": 0.36505229123853816,
      "river": NaN
    }
  }
}