{
  "epoch": 40,
  "phase": "valid",
  "loss": 0.3065998584020113,
  "mae": 0.6616282305111109,
  "rmse": 0.8742959832370163,
  "correlation": {
    "overall": 0.263179404355698,
    "p1": -0.03866569325327873,
    "p2": -0.06308446824550629,
    "street": {
      "pre": 0.6385744113212543,
      "flop": NaN,
      "turn": 0.3650838915100737,
      "river": NaN
    }
  }
}