{
  "epoch": 27,
  "phase": "train",
  "loss": 0.27844841421478234,
  "mae": 0.5702710902321012,
  "rmse": 0.8326824590161322,
  "correlation": {
    "overall": 0.4334996471500946,
    "p1": 0.13796213269233704,
    "p2": 0.5998599529266357,
    "street": {
      "pre": 0.41385767162823006,
      "flop": NaN,
      "turn": 0.4439817681051687,
      "river": NaN
    }
  }
}