{
  "epoch": 13,
  "phase": "valid",
  "loss": 0.3066211967273999,
  "mae": 0.6616062222984528,
  "rmse": 0.874307978861087,
  "correlation": {
    "overall": 0.2631684737902974,
    "p1": -0.03878013789653778,
    "p2": -0.06318464875221252,
    "street": {
      "pre": 0.6385020342033375,
      "flop": NaN,
      "turn": 0.3650542102625287,
      "river": NaN
    }
  }
}