{
  "epoch": 13,
  "phase": "train",
  "loss": 0.3340972301832278,
  "mae": 0.6639718843895323,
  "rmse": 0.8966514879300772,
  "correlation": {
    "overall": 0.3472830262787245,
    "p1": 0.05135965719819069,
    "p2": 0.16404177248477936,
    "street": {
      "pre": 0.3194222614749784,
      "flop": NaN,
      "turn": 0.3603547804859633,
      "river": NaN
    }
  }
}