{
  "epoch": 0,
  "phase": "valid",
  "loss": 0.30662061169408233,
  "mae": 0.7116838511808427,
  "rmse": 0.9351450173645242,
  "correlation": {
    "overall": 0.22656309282202325,
    "p1": -0.05984444543719292,
    "p2": -0.08519600331783295,
    "street": {
      "pre": 0.6899309938350019,
      "flop": NaN,
      "turn": 0.3316013490843607,
      "river": NaN
    }
  }
}