{
  "epoch": 49,
  "phase": "valid",
  "loss": 0.30659191494464366,
  "mae": 0.661633998451751,
  "rmse": 0.8742897077924093,
  "correlation": {
    "overall": 0.26318624021775694,
    "p1": -0.038660235702991486,
    "p2": -0.0630350261926651,
    "street": {
      "pre": 0.6385973930912039,
      "flop": NaN,
      "turn": 0.365094419985899,
      "river": NaN
    }
  }
}