{
  "epoch": 33,
  "phase": "valid",
  "loss": 0.30660567864042354,
  "mae": 0.6616235493869664,
  "rmse": 0.874300106324995,
  "correlation": {
    "overall": 0.26317496399615775,
    "p1": -0.03865905478596687,
    "p2": -0.06311717629432678,
    "street": {
      "pre": 0.6385562915467295,
      "flop": NaN,
      "turn": 0.3650758037838015,
      "river": NaN
    }
  }
}