{
  "epoch": 7,
  "phase": "valid",
  "loss": 0.31098879492652587,
  "mae": 0.6634493895484452,
  "rmse": 0.8866545224635531,
  "correlation": {
    "overall": 0.3011366163724221,
    "p1": -0.031291183084249496,
    "p2": -0.06754234433174133,
    "street": {
      "pre": 0.6471318635930521,
      "flop": NaN,
      "turn": 0.40572649245565306,
      "river": NaN
    }
  }
}