{
  "epoch": 17,
  "phase": "valid",
  "loss": 0.306618073950274,
  "mae": 0.6616116903381855,
  "rmse": 0.8743071295351956,
  "correlation": {
    "overall": 0.2631680787958185,
    "p1": -0.03874000161886215,
    "p2": -0.06317473948001862,
    "street": {
      "pre": 0.6385127490265764,
      "flop": NaN,
      "turn": 0.36505820594171157,
      "river": NaN
    }
  }
}