{
  "epoch": 23,
  "phase": "valid",
  "loss": 0.30661343846197436,
  "mae": 0.6616175348959664,
  "rmse": 0.8743051429852521,
  "correlation": {
    "overall": 0.26316941514610315,
    "p1": -0.03866945952177048,
    "p2": -0.06315616518259048,
    "street": {
      "pre": 0.6385291843283986,
      "flop": NaN,
      "turn": 0.365064570163975,
      "river": NaN
    }
  }
}