{
  "epoch": 31,
  "phase": "train",
  "loss": 0.26784198415261473,
  "mae": 0.5128875593046123,
  "rmse": 0.7983348784397326,
  "correlation": {
    "overall": 0.47299971347997466,
    "p1": 0.09415462613105774,
    "p2": 0.6366083025932312,
    "street": {
      "pre": 0.48494131185468775,
      "flop": NaN,
      "turn": 0.4677727705654762,
      "river": NaN
    }
  }
}