{
  "epoch": 19,
  "phase": "valid",
  "loss": 0.3066164987944394,
  "mae": 0.6616141112070704,
  "rmse": 0.8743066137660205,
  "correlation": {
    "overall": 0.2631682092081509,
    "p1": -0.038713905960321426,
    "p2": -0.0631689578294754,
    "street": {
      "pre": 0.6385181515140682,
      "flop": NaN,
      "turn": 0.36506028712850136,
      "river": NaN
    }
  }
}