{
  "epoch": 34,
  "phase": "valid",
  "loss": 0.3066048684111816,
  "mae": 0.6616241955992549,
  "rmse": 0.8742995573886426,
  "correlation": {
    "overall": 0.2631755763484252,
    "p1": -0.03866078704595566,
    "p2": -0.0631127804517746,
    "street": {
      "pre": 0.6385589152980677,
      "flop": NaN,
      "turn": 0.3650769500673527,
      "river": NaN
    }
  }
}