{
  "epoch": 2,
  "phase": "train",
  "loss": 0.34612545570999076,
  "mae": 0.6345712987584264,
  "rmse": 0.8471981959777511,
  "correlation": {
    "overall": 0.21622374741215425,
    "p1": -0.017752455547451973,
    "p2": 0.010917467065155506,
    "street": {
      "pre": 0.26760266480637734,
      "flop": NaN,
      "turn": 0.17738203795125795,
      "river": NaN
    }
  }
}