{
  "epoch": 2,
  "phase": "train",
  "loss": 0.3534752127706194,
  "mae": 0.5367740121767134,
  "rmse": 0.6755195916880066,
  "correlation": {
    "overall": 0.6645308088048201,
    "p1": 0.11566945165395737,
    "p2": -0.13260690867900848,
    "street": {
      "pre": NaN,
      "flop": 0.908413082772216,
      "turn": NaN,
      "river": 0.6479599705678107
    }
  }
}