{
  "epoch": 45,
  "phase": "train",
  "loss": 0.2608698924783347,
  "mae": 0.4991199120994485,
  "rmse": 0.8024804305109844,
  "correlation": {
    "overall": 0.4723598122842299,
    "p1": 0.1520409882068634,
    "p2": 0.6229012608528137,
    "street": {
      "pre": 0.45884176907594443,
      "flop": NaN,
      "turn": 0.4780276401202439,
      "river": NaN
    }
  }
}