{
  "epoch": 38,
  "phase": "valid",
  "loss": 0.30660155525946775,
  "mae": 0.6616268730980646,
  "rmse": 0.8742972304624163,
  "correlation": {
    "overall": 0.26317809190408137,
    "p1": -0.03866540640592575,
    "p2": -0.06309428066015244,
    "street": {
      "pre": 0.6385692865946154,
      "flop": NaN,
      "turn": 0.3650815676877564,
      "river": NaN
    }
  }
}