{
  "epoch": 37,
  "phase": "train",
  "loss": 0.2685597096269541,
  "mae": 0.5228375141097789,
  "rmse": 0.8200468014967834,
  "correlation": {
    "overall": 0.4630055456795404,
    "p1": 0.12463407218456268,
    "p2": 0.6133675575256348,
    "street": {
      "pre": 0.47333898400009944,
      "flop": NaN,
      "turn": 0.45816709999784255,
      "river": NaN
    }
  }
}