{
  "epoch": 5,
  "phase": "train",
  "loss": 0.27740709919046336,
  "mae": 0.6554881878557904,
  "rmse": 0.9685199708624874,
  "correlation": {
    "overall": 0.502779058482924,
    "p1": 0.0071678985841572285,
    "p2": 0.6241323947906494,
    "street": {
      "pre": 0.5160109117863726,
      "flop": NaN,
      "turn": 0.49294567522228144,
      "river": NaN
    }
  }
}