{
  "epoch": 1,
  "phase": "train",
  "loss": 0.37852679584840443,
  "mae": 0.6049832249142658,
  "rmse": 0.7517715697250943,
  "correlation": {
    "overall": -0.14663182679463996,
    "p1": -0.3046797215938568,
    "p2": 0.07436918467283249,
    "street": {
      "pre": NaN,
      "flop": 0.5194927824135475,
      "turn": NaN,
      "river": -0.5156034334459505
    }
  }
}