{
  "epoch": 37,
  "phase": "valid",
  "loss": 0.30660239414028645,
  "mae": 0.6616261947725295,
  "rmse": 0.8742978336122211,
  "correlation": {
    "overall": 0.26317745063754117,
    "p1": -0.03866468742489815,
    "p2": -0.06309905648231506,
    "street": {
      "pre": 0.6385667098899481,
      "flop": NaN,
      "turn": 0.36508040851268286,
      "river": NaN
    }
  }
}