{
  "epoch": 41,
  "phase": "valid",
  "loss": 0.3065990016095904,
  "mae": 0.6616289091153023,
  "rmse": 0.8742953416285969,
  "correlation": {
    "overall": 0.2631800764781173,
    "p1": -0.038665805011987686,
    "p2": -0.06307944655418396,
    "street": {
      "pre": 0.638576966039412,
      "flop": NaN,
      "turn": 0.3650850564463535,
      "river": NaN
    }
  }
}