{
  "epoch": 48,
  "phase": "valid",
  "loss": 0.306592821808502,
  "mae": 0.6616333961745564,
  "rmse": 0.8742904561018766,
  "correlation": {
    "overall": 0.2631853967415352,
    "p1": -0.03866142779588699,
    "p2": -0.06304099410772324,
    "street": {
      "pre": 0.6385948517200709,
      "flop": NaN,
      "turn": 0.36509324572964336,
      "river": NaN
    }
  }
}