{
  "epoch": 42,
  "phase": "valid",
  "loss": 0.30659813991356016,
  "mae": 0.6616295871283308,
  "rmse": 0.8742946885110554,
  "correlation": {
    "overall": 0.2631807614443762,
    "p1": -0.03866583853960037,
    "p2": -0.06307435035705566,
    "street": {
      "pre": 0.6385795203042928,
      "flop": NaN,
      "turn": 0.36508622442318683,
      "river": NaN
    }
  }
}