{
  "epoch": 3,
  "phase": "valid",
  "loss": 0.31101312158758654,
  "mae": 0.6634632211868998,
  "rmse": 0.886654931744832,
  "correlation": {
    "overall": 0.3011033427286242,
    "p1": -0.03166571259498596,
    "p2": -0.06771842390298843,
    "street": {
      "pre": 0.6470588018731386,
      "flop": NaN,
      "turn": 0.40568951281879606,
      "river": NaN
    }
  }
}