{
  "epoch": 1,
  "phase": "train",
  "loss": 0.34940590466394833,
  "mae": 0.6171253745465644,
  "rmse": 0.8645445815420769,
  "correlation": {
    "overall": 0.2663469181427157,
    "p1": -0.024452311918139458,
    "p2": -0.14178147912025452,
    "street": {
      "pre": 0.25404631982120146,
      "flop": NaN,
      "turn": 0.2790064322312496,
      "river": NaN
    }
  }
}