{
  "epoch": 14,
  "phase": "train",
  "loss": 0.3362830305013026,
  "mae": 0.6817881490442941,
  "rmse": 0.9228411109307573,
  "correlation": {
    "overall": 0.3390722561259135,
    "p1": 0.06873609125614166,
    "p2": 0.21610409021377563,
    "street": {
      "pre": 0.29533038695964,
      "flop": NaN,
      "turn": 0.35713982829953667,
      "river": NaN
    }
  }
}