{
  "epoch": 27,
  "phase": "valid",
  "loss": 0.306610391773263,
  "mae": 0.6616199401638818,
  "rmse": 0.8743032277830256,
  "correlation": {
    "overall": 0.26317144429820716,
    "p1": -0.03865165263414383,
    "p2": -0.06314165145158768,
    "street": {
      "pre": 0.6385402165909183,
      "flop": NaN,
      "turn": 0.3650690094834956,
      "river": NaN
    }
  }
}