{
  "epoch": 18,
  "phase": "train",
  "loss": 0.315001635884709,
  "mae": 0.638159249285545,
  "rmse": 0.8934253629289801,
  "correlation": {
    "overall": 0.3989679520682747,
    "p1": 0.13400238752365112,
    "p2": 0.5319827795028687,
    "street": {
      "pre": 0.4139964055460325,
      "flop": NaN,
      "turn": 0.39169848208569075,
      "river": NaN
    }
  }
}