{
  "epoch": 19,
  "phase": "train",
  "loss": 0.3128458353622037,
  "mae": 0.5868168136868803,
  "rmse": 0.8159334412142121,
  "correlation": {
    "overall": 0.4247087582039497,
    "p1": 0.15756335854530334,
    "p2": 0.5812646746635437,
    "street": {
      "pre": 0.4222156367180184,
      "flop": NaN,
      "turn": 0.4257839137196351,
      "river": NaN
    }
  }
}