{
  "epoch": 44,
  "phase": "train",
  "loss": 0.2646458135101074,
  "mae": 0.5126301354888265,
  "rmse": 0.8147132455439436,
  "correlation": {
    "overall": 0.4540124059340999,
    "p1": 0.15632419288158417,
    "p2": 0.5984990000724792,
    "street": {
      "pre": 0.4895333893810689,
      "flop": NaN,
      "turn": 0.4371674879364481,
      "river": NaN
    }
  }
}