{
  "epoch": 35,
  "phase": "valid",
  "loss": 0.3066040509462442,
  "mae": 0.6616248525819071,
  "rmse": 0.8742989966313218,
  "correlation": {
    "overall": 0.26317619411231585,
    "p1": -0.03866247832775116,
    "p2": -0.06310829520225525,
    "street": {
      "pre": 0.638561526080025,
      "flop": NaN,
      "turn": 0.3650780997260981,
      "river": NaN
    }
  }
}