{
  "epoch": 20,
  "phase": "train",
  "loss": 0.3031834647396624,
  "mae": 0.5920791283123981,
  "rmse": 0.8492608622760707,
  "correlation": {
    "overall": 0.42327937389669423,
    "p1": 0.11529642343521118,
    "p2": 0.5894441604614258,
    "street": {
      "pre": 0.4141939592173301,
      "flop": NaN,
      "turn": 0.42656829461662615,
      "river": NaN
    }
  }
}