{
  "epoch": 47,
  "phase": "valid",
  "loss": 0.3065937224180767,
  "mae": 0.6616327853620907,
  "rmse": 0.8742911916308034,
  "correlation": {
    "overall": 0.26318457475896156,
    "p1": -0.03866251930594444,
    "p2": -0.06304683536291122,
    "street": {
      "pre": 0.6385923062323654,
      "flop": NaN,
      "turn": 0.3650920734683331,
      "river": NaN
    }
  }
}