{
  "epoch": 40,
  "phase": "train",
  "loss": 0.268543029180606,
  "mae": 0.5004694302669902,
  "rmse": 0.7863007182048475,
  "correlation": {
    "overall": 0.4636516359673638,
    "p1": 0.19236387312412262,
    "p2": 0.603859543800354,
    "street": {
      "pre": 0.4738344880866892,
      "flop": NaN,
      "turn": 0.4601368673789783,
      "river": NaN
    }
  }
}