{
  "epoch": 38,
  "phase": "train",
  "loss": 0.2680912150477835,
  "mae": 0.5069555749372229,
  "rmse": 0.7903110298804032,
  "correlation": {
    "overall": 0.4545965685520796,
    "p1": 0.19131556153297424,
    "p2": 0.6007723808288574,
    "street": {
      "pre": 0.4382046043227312,
      "flop": NaN,
      "turn": 0.4614343812115792,
      "river": NaN
    }
  }
}