{
  "epoch": 28,
  "phase": "train",
  "loss": 0.2775673739243951,
  "mae": 0.5448785656340197,
  "rmse": 0.800850363401786,
  "correlation": {
    "overall": 0.43403683753050953,
    "p1": 0.18348896503448486,
    "p2": 0.5867025256156921,
    "street": {
      "pre": 0.4413337903024222,
      "flop": NaN,
      "turn": 0.43108938041501305,
      "river": NaN
    }
  }
}