{
  "epoch": 20,
  "phase": "valid",
  "loss": 0.306615724060961,
  "mae": 0.6616151344945298,
  "rmse": 0.8743063021048662,
  "correlation": {
    "overall": 0.26316839911815726,
    "p1": -0.03870125859975815,
    "p2": -0.06316591054201126,
    "street": {
      "pre": 0.6385208854711677,
      "flop": NaN,
      "turn": 0.3650613430529533,
      "river": NaN
    }
  }
}