{
  "epoch": 31,
  "phase": "valid",
  "loss": 0.30660727643898833,
  "mae": 0.6616222934984084,
  "rmse": 0.874301172688659,
  "correlation": {
    "overall": 0.2631737602451813,
    "p1": -0.03865503519773483,
    "p2": -0.06312569230794907,
    "street": {
      "pre": 0.6385510016116415,
      "flop": NaN,
      "turn": 0.36507352478564364,
      "river": NaN
    }
  }
}