{
  "epoch": 22,
  "phase": "valid",
  "loss": 0.30661419661612965,
  "mae": 0.6616168269485129,
  "rmse": 0.8743055642279781,
  "correlation": {
    "overall": 0.263169011319591,
    "p1": -0.03867911919951439,
    "p2": -0.0631595253944397,
    "street": {
      "pre": 0.6385264092995515,
      "flop": NaN,
      "turn": 0.3650634840519247,
      "river": NaN
    }
  }
}