{
  "epoch": 16,
  "phase": "valid",
  "loss": 0.3066188698750186,
  "mae": 0.6616103344080393,
  "rmse": 0.8743073502103221,
  "correlation": {
    "overall": 0.263168123763877,
    "p1": -0.038752272725105286,
    "p2": -0.06317746639251709,
    "street": {
      "pre": 0.6385100615577529,
      "flop": NaN,
      "turn": 0.36505718535575327,
      "river": NaN
    }
  }
}