{
  "epoch": 3,
  "phase": "train",
  "loss": 0.34459665226735525,
  "mae": 0.5764657953864072,
  "rmse": 0.7466272827442823,
  "correlation": {
    "overall": 0.3595672848398972,
    "p1": 0.05474964529275894,
    "p2": 0.15223009884357452,
    "street": {
      "pre": 0.4253089297987836,
      "flop": NaN,
      "turn": 0.33410546740129987,
      "river": NaN
    }
  }
}