{
  "epoch": 26,
  "phase": "train",
  "loss": 0.28140391713205337,
  "mae": 0.5439796790050441,
  "rmse": 0.7942864760640985,
  "correlation": {
    "overall": 0.424592801797605,
    "p1": 0.17123475670814514,
    "p2": 0.5905381441116333,
    "street": {
      "pre": 0.41343391787665346,
      "flop": NaN,
      "turn": 0.43026454095633226,
      "river": NaN
    }
  }
}