{
  "epoch": 48,
  "phase": "train",
  "loss": 0.2625426316043353,
  "mae": 0.4980394908738817,
  "rmse": 0.7964889336901746,
  "correlation": {
    "overall": 0.4600849208356407,
    "p1": 0.16545423865318298,
    "p2": 0.598601222038269,
    "street": {
      "pre": 0.4355078675822403,
      "flop": NaN,
      "turn": 0.4722823842600808,
      "river": NaN
    }
  }
}