{
  "epoch": 2,
  "phase": "valid",
  "loss": 0.4445403252231795,
  "mae": 0.7681912697446581,
  "rmse": 0.9984763030310955,
  "correlation": {
    "overall": 0.30688533037692683,
    "p1": -0.003444410627707839,
    "p2": 0.03315446898341179,
    "street": {
      "pre": 0.5979572915078246,
      "flop": 0.49942269350005875,
      "turn": 0.31899015517846363,
      "river": 0.33522314546676024
    }
  }
}