{
  "epoch": 12,
  "phase": "train",
  "loss": 0.33528719212198554,
  "mae": 0.6662959225756421,
  "rmse": 0.8881326817685417,
  "correlation": {
    "overall": 0.28570050287676746,
    "p1": 0.06388146430253983,
    "p2": 0.08416637778282166,
    "street": {
      "pre": 0.28887694117890933,
      "flop": NaN,
      "turn": 0.28524245195891895,
      "river": NaN
    }
  }
}