{
  "num_buckets": 169,
  "bucket_corrs": [
    0.04563028056115425,
    -0.04892227178296957,
    -0.05000635057658673,
    -0.051587877565311344,
    -0.049600208139066314,
    -0.051821323364487734,
    -0.08996778702570618,
    -0.020910698663775082,
    -0.03247691459795996,
    -0.08578291889073207,
    -0.008773194912220311,
    -0.045067702195360354,
    -0.05253831040429689,
    -0.050975905816745756,
    0.02800885353495646,
    -0.056580425535635165,
    -0.02487916542278003,
    -0.059201333808308707,
    -0.02853318051165739,
    -0.04547030916502762,
    -0.04020854245265781,
    -0.05529531786671769,
    -0.0794284718514131,
    -0.070217982816184,
    -0.04707073381109257,
    -0.041188066333763075,
    -0.04637349023882914,
    -0.04037372457693844,
    0.03966466213765468,
    -0.06797008757295724,
    -0.030889403868285606,
    -0.050286553206293994,
    -0.03745950572847839,
    -0.007633681759968383,
    -0.07114928937603834,
    -0.08234514564017689,
    -0.08630613259407478,
    -0.06716621712321329,
    -0.04679458517462324,
    -0.03461340121224267,
    -0.02808321614385817,
    -0.04906592269894932,
    0.04890620584706008,
    -0.04726810159705658,
    -0.05465383862427667,
    -0.07814256233607056,
    -0.04967978476753582,
    -0.06965070113040141,
    -0.043778547928432644,
    -0.08107154965019082,
    -0.04861301893404021,
    -0.05619093614298928,
    -0.029564412015204242,
    -0.03485401264800197,
    -0.021503763737103283,
    -0.02906759066279967,
    0.04533267591176829,
    -0.04763574283861744,
    -0.07034683092127314,
    -0.05161380359965835,
    -0.06741149064076457,
    -0.07288899638474541,
    -0.0831624644554733,
    -0.04647923980301681,
    -0.037909926730730154,
    -0.03254002161908577,
    -0.036939596375361254,
    -0.03210833600710781,
    -0.037303618761636625,
    -0.03460617379625048,
    0.055893635670541564,
    -0.07594355286150502,
    -0.05680084186989948,
    -0.06856666074167875,
    -0.07187614847759942,
    -0.08623641260923087,
    -0.04086756662029749,
    -0.04150623488129509,
    -0.06405731775602859,
    -0.0533647115272754,
    -0.07553195197863331,
    -0.05881298085624247,
    -0.05157955664396605,
    -0.057099560593686635,
    0.03869325238803068,
    -0.08238872195638061,
    -0.08626288139374413,
    -0.1005735623176793,
    -0.11734171362202028,
    -0.07799704974885345,
    -0.07714019905078494,
    -0.0363394021063821,
    -0.037163339368593,
    -0.05496907075887307,
    -0.02909670699257239,
    -0.035693874896285505,
    -0.03958240179784286,
    -0.059244458569714116,
    0.0581502053956979,
    -0.07975090895476723,
    -0.0793797923661474,
    -0.09642527396723155,
    -0.047851681393089526,
    -0.05268507045292436,
    -0.06930658894768421,
    -0.0433177389297528,
    -0.05847737402575914,
    -0.06159425673617078,
    -0.05478150414620864,
    -0.05311848132029444,
    -0.07146822742754462,
    -0.06257188108633521,
    0.0384383823387771,
    -0.08590220784923495,
    -0.11752947619652199,
    -0.07484460476730578,
    -0.056262247453415334,
    -0.05964365603163128,
    -0.05427877062611672,
    -0.06339745154660469,
    -0.068864267300604,
    -0.05316319297832339,
    -0.0546866710705609,
    -0.08839448800182989,
    -0.056241285972959895,
    -0.0640828935106384,
    0.05092405871343866,
    -0.11863335360071406,
    -0.07329274564254004,
    -0.06670152427573943,
    -0.07379738510943892,
    -0.07771625342025612,
    -0.08180102251155666,
    -0.0738498398676802,
    -0.0801447091153443,
    -0.06860024266283245,
    -0.10565854866139972,
    -0.07863607237926344,
    -0.09587083811796421,
    -0.08131509703308212,
    0.024143762674464518,
    -0.0978860451588841,
    -0.09728607741387485,
    -0.02567106296386684,
    -0.041424223824164094,
    -0.05771447352083726,
    -0.034094169108562666,
    -0.029816434581604677,
    -0.028256979103912883,
    -0.06517476240920925,
    -0.04071343883473061,
    -0.05128394314834048,
    -0.05438573349338384,
    -0.07047172817744499,
    0.07476811730354059,
    -0.053725858583809585,
    -0.05260355610560225,
    -0.026149438020279386,
    -0.037029978125490214,
    -0.04259010422114361,
    -0.028373772283418315,
    -0.027711199794436415,
    -0.057715999725155065,
    -0.03943577402312842,
    -0.04005132061808611,
    -0.046760307000653534,
    -0.06685539585835304,
    -0.03911854126901876,
    0.07950070880994221
  ]
}