{
  "num_buckets": 169,
  "bucket_corrs": [
    0.11411582064072906,
    -0.01560616883792636,
    -0.02473415908709823,
    -0.02347670116923809,
    -0.018161200222355556,
    -0.033482574610510074,
    -0.0417065267772774,
    -0.014673065147179795,
    -0.02390525120043615,
    -0.015793939740927063,
    -0.021134781460737384,
    -0.04050315353934922,
    -0.01272161334792039,
    0.0101516992649811,
    0.1333768019300539,
    -0.009545635286728959,
    -0.014414916344882418,
    -0.00457437753731093,
    0.0018333319204741857,
    -0.010660641711371946,
    -0.0033307404287376795,
    -0.010265689505426483,
    0.0067447403130704965,
    -0.006259487377214636,
    -0.016937913381784908,
    0.006075572522291453,
    0.001972934914039123,
    0.018235126279897863,
    0.13074787871657545,
    -0.025727856379759405,
    -0.008151402684985385,
    -0.014091573352095786,
    -0.02794440548068313,
    -0.021304697184002214,
    -0.026936373159127683,
    -0.0038546216905103016,
    -0.013594640608429687,
    -0.0270394486886385,
    -0.0006693597169296541,
    0.004317000711723799,
    0.00934386506517591,
    -0.003932707195755593,
    0.11611905580238464,
    -0.014272136539262216,
    -0.027256035371700203,
    -0.03533629240451898,
    -0.02391488249794963,
    -0.032042261045713956,
    -0.019356058242625283,
    -0.020450203539542997,
    -0.048769976763125444,
    -0.003994611521469431,
    0.0025801650853456933,
    0.01785636607249235,
    0.013870910113417565,
    0.008200050425727821,
    0.11320389543983185,
    -0.014210121014998047,
    -0.027611982230184216,
    -0.023932649453915298,
    -0.014877268633664988,
    0.0021275746480397826,
    -0.008998794820524651,
    -0.03316148723158932,
    0.001613796533261479,
    -0.008230898526963648,
    0.025492722601706434,
    0.015569876048974085,
    -0.0071725021175896905,
    0.008299523614659264,
    0.12072447495476352,
    -0.026048146511849363,
    -0.022439223851533636,
    -0.020616259804542212,
    -0.005774473435935307,
    -0.012796620068602708,
    -0.023520677744669302,
    -0.013134281437599893,
    -0.01604102975789147,
    0.011811307599010813,
    0.0019707530337477776,
    -0.011454686853330433,
    -0.0008623898111172167,
    0.002296317404084671,
    0.10217494394402847,
    -0.025314087442446224,
    -0.03831393776085844,
    -0.00863144336825036,
    -0.02292479903980589,
    -0.030548063654530947,
    -0.008235426334606501,
    0.009776707191807201,
    0.021151163662988057,
    -0.0020897304246265784,
    0.00011403551123332842,
    0.0024427419262041524,
    0.004069591633066376,
    0.0020153699794104654,
    0.10155825223228061,
    -0.03212361724385975,
    -0.0069573616162554525,
    -0.015440438187057086,
    -0.028328392881065367,
    -0.008441729139007694,
    -0.002848109453809552,
    0.008862851645210877,
    -0.0012572985439554026,
    -0.004462777658282624,
    0.00454021236788599,
    0.00268968121329286,
    -0.016277173679601662,
    -0.006443379809341792,
    0.10230912896228894,
    -0.011338471541186446,
    -0.018803010673750002,
    -0.02556560992069734,
    -0.014261115867476163,
    0.0011734385961646699,
    0.024527896169374227,
    0.017352885853807364,
    0.007255529982269877,
    0.023085800529499358,
    0.014396810524085571,
    0.010702599277501746,
    0.013642809425043641,
    0.01093852662583642,
    0.11301888347010444,
    -0.009485344422177423,
    -0.013689569832946034,
    0.0008236634103712826,
    0.004344672786683636,
    0.018385462313894776,
    0.014291978201319454,
    0.0034782408843834645,
    0.010687351113809924,
    0.013080842531331946,
    0.002539092097209902,
    0.0027259504007436956,
    0.006679055204499069,
    0.013328139552638986,
    0.10840011596037417,
    -0.024999309224841074,
    -0.0011402186667250867,
    -0.01316527516341633,
    0.011006162468301849,
    -0.004639083028957793,
    -0.02230949820134067,
    -0.00994172034926724,
    0.0010801018775738382,
    -0.0031115210505373112,
    -0.004736421191812544,
    -0.0020339464905064436,
    0.007376846576312956,
    -0.0016483512522832014,
    0.09168448841936928,
    -0.01831918783952217,
    0.007687546927565427,
    0.026258901398715336,
    0.022768266290092445,
    0.017603904050962203,
    0.020155127211524765,
    0.007625486320216505,
    0.01522392496561108,
    0.014129756614292228,
    0.008162052859857154,
    0.01952103556444858,
    0.018781718894934914,
    0.0025470983587389997,
    0.10968652142313648
  ]
}