{
  "num_buckets": 169,
  "bucket_corrs": [
    0.12257305982518421,
    -0.05715331284743686,
    -0.03190537983698595,
    -0.0027357917355620154,
    -0.04715548112805321,
    -0.0251428306322685,
    -0.024637757981890537,
    -0.051160415075983776,
    -0.017411174102096583,
    -0.01441558379819233,
    -0.018669093748239746,
    -0.0013954879133792012,
    -2.7946890210229364e-06,
    0.015933173382422183,
    0.1883044190839114,
    -0.03311178233867658,
    -0.012226898941556461,
    0.012137198495277723,
    0.008655977598909945,
    -0.003613419044546401,
    0.006432849269181123,
    -0.031158999796838394,
    0.006495826874012484,
    0.04407593783010178,
    0.0635849381954639,
    0.033516453033642646,
    0.01045663325705424,
    -0.0031268307203944565,
    0.10627673708990795,
    -0.03098730178146651,
    -0.01152992271419459,
    -0.0016275969785951826,
    -0.022801954830942536,
    -0.052151957823249696,
    -0.023190393419858277,
    -0.02979760609332578,
    0.007930328686734475,
    -0.004443782345942976,
    -0.011160920944448788,
    0.005570616127666746,
    0.03272141156087088,
    -0.017636892696798356,
    0.1077731395080448,
    -0.03697323467303543,
    0.003465312930448536,
    0.0010915691594117517,
    -0.040566393114930224,
    -0.03251084330408374,
    0.002102381257482605,
    0.007287820461430006,
    0.0027683954771110936,
    0.016529071085799596,
    -0.02500617351987967,
    0.023910061388477673,
    0.01613281737973367,
    0.0016429652338628975,
    0.11813179504398355,
    0.021315206022773297,
    0.005391009116026453,
    -0.0043146172178537626,
    -0.043731296057369584,
    0.009700197659950421,
    0.03604937738905164,
    0.023617410211792162,
    0.03631390516316252,
    -0.004795416833410143,
    0.028786929462159834,
    0.020925457637206636,
    0.029624890219302757,
    0.04513963555880281,
    0.14120743807332264,
    -0.016697497446159323,
    -0.011177144871093357,
    -0.02221496726340977,
    0.0004860439164109747,
    0.04202894258019619,
    0.008900370725716231,
    0.019172435352974013,
    -0.012417928527077252,
    0.029120301807270613,
    -0.0029307785805821997,
    0.014755280197302073,
    0.025906629659120294,
    0.00019179511424024381,
    0.12432682517175851,
    -0.033460324889648535,
    -0.025590337546997223,
    0.008784862206148755,
    0.022636153931502624,
    0.026535369121407415,
    0.02761568165654625,
    -0.034401957933367575,
    0.025361333229974112,
    -0.03071951674033685,
    -0.030295646597548492,
    0.014959418263166477,
    0.004392467522834093,
    -0.0028553547467736855,
    0.0812313431422931,
    -0.0540822119029766,
    -0.02699524186616741,
    -0.010688469371529542,
    0.018961086938719805,
    -0.006113012773258611,
    0.026549376544740783,
    0.017139136477963245,
    -0.008453345136661433,
    -0.01524344466219573,
    0.009749792933714765,
    -0.0010913211922997865,
    0.010863894053471424,
    -0.04274500041269208,
    0.10132498057648597,
    -0.029680271688650915,
    -0.020879617908886733,
    -0.008259702331092522,
    -0.00540837228628863,
    0.0022721096752158533,
    0.03969596882165785,
    0.0012353575374239485,
    0.010296589311409823,
    0.029392990301321077,
    0.010956438786835422,
    0.018492165867758002,
    -0.00960133152968928,
    -0.00822692027888721,
    0.08739719396543622,
    0.01583010350492283,
    0.0230271281230678,
    0.0439509234270424,
    0.0019755392636914074,
    0.05886397017884254,
    0.02040583980813312,
    0.024532012278320275,
    0.03561332834962689,
    0.05773927233866814,
    0.03675178231417494,
    0.0037787240942622966,
    -0.007321014422788701,
    0.020340188970801018,
    0.11631488587988631,
    0.045835056640421284,
    0.03967049298012272,
    0.01752014711649187,
    0.08196100482457264,
    0.006628800191300681,
    0.02383269669486958,
    0.027855383282437404,
    0.03502197568977442,
    0.052920163277086193,
    0.03315064754689137,
    0.007127206532016331,
    0.03310912783284301,
    0.05806017721296749,
    0.13494368328648154,
    0.04029658479533178,
    0.011363032422760436,
    0.036315093266273045,
    0.0026322963613121114,
    0.03980756738358078,
    0.034786091971658155,
    0.033718310697204906,
    0.032178935730270884,
    0.0015665477558354929,
    0.0123570955084644,
    0.03882447030686802,
    0.04837925635745909,
    0.05231781486711555,
    0.0906786808793329
  ]
}