{
  "timestamp": "2025-10-14T15:51:38.887433",
  "total_episodes": 20,
  "total_hands": 20,
  "current_stage": 3,
  "epsilon": 0.0,
  "memory_size": 84,
  "cfr_iterations": 410,
  "metrics": {
    "training_rewards": [
      0,
      30.0,
      -20,
      30.0,
      50.0,
      30.0,
      50.0,
      -20,
      30.0,
      50.0,
      0,
      -20,
      -20,
      -20,
      -20,
      -20,
      -40,
      -20,
      -20,
      40.0
    ],
    "win_rates": [
      0.6,
      0.7
    ],
    "evaluation_scores": [],
    "epsilon_values": [
      0.3,
      0.3,
      0.2985,
      0.2970075,
      0.29552246249999997,
      0.2940448501875,
      0.29257462593656247,
      0.2911117528068797,
      0.28965619404284526,
      0.28820791307263105,
      0.2853330391397315,
      0.2824868420743127,
      0.2796690358246214,
      0.27687933719227076,
      0.2741174658037779,
      0.2713831440823852,
      0.2686760972201634,
      0.26599605315039226,
      0.26334274252021705,
      0.26071589866357786
    ],
    "loss_values": [],
    "stage_transitions": [
      {
        "stage": 1,
        "episode": 0,
        "timestamp": 0.004004240036010742
      },
      {
        "stage": 2,
        "episode": 0,
        "timestamp": 0.06707262992858887
      },
      {
        "stage": 3,
        "episode": 10,
        "timestamp": 4.583401679992676
      }
    ]
  }
}