{
  "timestamp": "2025-10-14T12:16:02.355239",
  "total_episodes": 235,
  "total_hands": 235,
  "current_stage": 3,
  "epsilon": 0.08190287895838455,
  "memory_size": 360,
  "cfr_iterations": 300,
  "metrics": {
    "training_rewards": [
      0,
      50.0,
      -20,
      -20,
      50.0,
      0,
      30.0,
      50.0,
      -20,
      140.0,
      -40,
      -20,
      0,
      50.0,
      -20,
      50.0,
      -20,
      50.0,
      30.0,
      80.0,
      80.0,
      -20,
      30.0,
      -20,
      50.0,
      -20,
      0,
      51.0,
      0,
      160.0,
      -20,
      50.0,
      0,
      -20,
      60.0,
      -20,
      60.0,
      234.0,
      50.0,
      0,
      30.0,
      30.0,
      0,
      50.0,
      130.0,
      -20,
      50.0,
      50.0,
      50.0,
      50.0,
      50.0,
      0,
      50.0,
      50.0,
      120.0,
      40.0,
      120.0,
      30.0,
      60.0,
      50.0,
      50.0,
      51.0,
      50.0,
      -20,
      -20,
      50.0,
      30.0,
      30.0,
      280.0,
      280.0,
      0,
      -20,
      30.0,
      51.0,
      320.0,
      -20,
      -20,
      -40,
      -20,
      -20,
      160.0,
      50.0,
      50.0,
      -20,
      50.0,
      0,
      -20,
      30.0,
      182.0,
      0,
      50.0,
      50.0,
      0,
      0,
      50.0,
      -20,
      50.0,
      -20,
      -20,
      51.0,
      -20,
      80.0,
      30.0,
      0,
      50.0,
      30.0,
      -20,
      0,
      -20,
      110.0,
      0,
      -20,
      30.0,
      -117,
      264.0,
      -20,
      -20,
      50.0,
      30.0,
      80.0,
      51.0,
      50.0,
      50.0,
      30.0,
      51.0,
      50.0,
      198.0,
      50.0,
      -20,
      -20,
      0,
      30.0,
      -20,
      -20,
      50.0,
      50.0,
      30.0,
      50.0,
      50.0,
      50.0,
      30.0,
      -20,
      50.0,
      50.0,
      50.0,
      30.0,
      50.0,
      50.0,
      40.0,
      50.0,
      50.0,
      -20,
      50.0,
      40.0,
      0,
      50.0,
      40.0,
      50.0,
      30.0,
      30.0,
      50.0,
      50.0,
      20.0,
      0,
      51.0,
      30.0,
      280.0,
      0,
      50.0,
      -40,
      80.0,
      182.0,
      30.0,
      50.0,
      0,
      0,
      50.0,
      0,
      0,
      80.0,
      0,
      50.0,
      80.0,
      -20,
      30.0,
      30.0,
      0,
      30.0,
      0,
      30.0,
      0,
      50.0,
      30.0,
      30.0,
      50.0,
      578.0,
      40.0,
      60.0,
      51.0,
      50.0,
      0,
      30.0,
      0,
      50.0,
      0,
      -20,
      50.0,
      0,
      -20,
      60.0,
      0,
      -20,
      -40,
      50.0,
      -40,
      0,
      50.0,
      50.0,
      -20,
      -20,
      -20,
      50.0,
      -20,
      30.0,
      30.0,
      30.0,
      50.0,
      30.0,
      0,
      30.0,
      -20,
      30.0,
      -40,
      -20
    ],
    "win_rates": [
      0.52,
      0.56,
      0.64,
      0.59,
      0.592,
      0.62,
      0.64,
      0.645
    ],
    "evaluation_scores": [],
    "epsilon_values": [
      0.3,
      0.3,
      0.3,
      0.3,
      0.3,
      0.3,
      0.3,
      0.3,
      0.3,
      0.2985,
      0.2970075,
      0.29552246249999997,
      0.2940448501875,
      0.29257462593656247,
      0.2911117528068797,
      0.28965619404284526,
      0.28820791307263105,
      0.28676687350726787,
      0.2853330391397315,
      0.28390637394403284,
      0.2824868420743127,
      0.2810744078639411,
      0.2796690358246214,
      0.27827069064549825,
      0.27687933719227076,
      0.2754949405063094,
      0.2741174658037779,
      0.272746878474759,
      0.2713831440823852,
      0.27002622836197326,
      0.2686760972201634,
      0.26733271673406256,
      0.26599605315039226,
      0.2646660728846403,
      0.26334274252021705,
      0.26202602880761594,
      0.26071589866357786,
      0.25941231917026,
      0.2581152575744087,
      0.2568246812865366,
      0.25554055788010394,
      0.2542628550907034,
      0.2529915408152499,
      0.25172658311117363,
      0.25046795019561774,
      0.24921561044463966,
      0.24796953239241645,
      0.24672968473045437,
      0.24549603630680208,
      0.24426855612526807,
      0.24304721334464174,
      0.24183197727791853,
      0.24062281739152894,
      0.2394197033045713,
      0.23822260478804844,
      0.2370314917641082,
      0.23584633430528767,
      0.23466710263376123,
      0.23349376712059242,
      0.23232629828498946,
      0.2311646667935645,
      0.23000884345959668,
      0.2288587992422987,
      0.22771450524608722,
      0.2265759327198568,
      0.2254430530562575,
      0.22431583779097622,
      0.22319425860202133,
      0.22207828730901122,
      0.22096789587246615,
      0.21986305639310383,
      0.2187637411111383,
      0.2176699224055826,
      0.2165815727935547,
      0.21549866492958691,
      0.21442117160493898,
      0.21334906574691428,
      0.2122823204181797,
      0.21122090881608882,
      0.21016480427200837,
      0.20911398025064834,
      0.2080684103493951,
      0.20702806829764814,
      0.2059929279561599,
      0.2049629633163791,
      0.2039381484997972,
      0.2029184577572982,
      0.2019038654685117,
      0.20089434614116913,
      0.1998898744104633,
      0.19889042503841098,
      0.19789597291321892,
      0.19690649304865282,
      0.19592196058340955,
      0.1949423507804925,
      0.19396763902659003,
      0.1929978008314571,
      0.1920328118272998,
      0.19107264776816332,
      0.1901172845293225,
      0.18916669810667588,
      0.1882208646161425,
      0.1872797602930618,
      0.18634336149159647,
      0.18541164468413848,
      0.18448458646071778,
      0.18356216352841417,
      0.1826443527107721,
      0.18173113094721824,
      0.18082247529248216,
      0.17991836291601976,
      0.17901877110143966,
      0.17812367724593245,
      0.17723305885970278,
      0.17634689356540426,
      0.17546515909757723,
      0.17458783330208935,
      0.1737148941355789,
      0.172846319664901,
      0.1719820880665765,
      0.17112217762624363,
      0.1702665667381124,
      0.16941523390442184,
      0.16856815773489972,
      0.16772531694622522,
      0.1668866903614941,
      0.1660522569096866,
      0.16522199562513817,
      0.1643958856470125,
      0.16357390621877743,
      0.16275603668768354,
      0.16194225650424512,
      0.1611325452217239,
      0.16032688249561527,
      0.1595252480831372,
      0.15872762184272152,
      0.15793398373350792,
      0.15714431381484037,
      0.15635859224576618,
      0.15557679928453735,
      0.15479891528811468,
      0.15402492071167412,
      0.15325479610811574,
      0.15248852212757516,
      0.15172607951693728,
      0.1509674491193526,
      0.1502126118737558,
      0.14946154881438703,
      0.14871424107031508,
      0.14797066986496352,
      0.14723081651563868,
      0.1464946624330605,
      0.1457621891208952,
      0.14503337817529072,
      0.14430821128441426,
      0.14358667022799218,
      0.14286873687685223,
      0.14215439319246798,
      0.14144362122650564,
      0.1407364031203731,
      0.14003272110477125,
      0.1393325574992474,
      0.13863589471175114,
      0.13794271523819238,
      0.1372530016620014,
      0.1365667366536914,
      0.13588390297042294,
      0.13520448345557082,
      0.13452846103829297,
      0.1338558187331015,
      0.133186539639436,
      0.13252060694123882,
      0.13185800390653263,
      0.13119871388699997,
      0.13054272031756498,
      0.12989000671597714,
      0.12924055668239726,
      0.12859435389898527,
      0.12795138212949034,
      0.12731162521884287,
      0.12667506709274864,
      0.1260416917572849,
      0.1254114832984985,
      0.124784425882006,
      0.12416050375259596,
      0.12353970123383298,
      0.12292200272766382,
      0.1223073927140255,
      0.12169585575045538,
      0.1210873764717031,
      0.12048193958934458,
