{
  "start_time": 1760606412.2449324,
  "current_stage": 0,
  "total_episodes": 200,
  "total_hands_played": 200,
  "stage_metrics": {},
  "vicarious_opponent_stats": {
    "EvalRandom": {
      "win_rate": 0.8823529411764706,
      "avg_reward": 90.0,
      "games": 34
    },
    "EvalFixed": {
      "win_rate": 0.3939393939393939,
      "avg_reward": -52.303030303030305,
      "games": 33
    },
    "EvalCFR": {
      "win_rate": 0.9090909090909091,
      "avg_reward": 79.75757575757575,
      "games": 33
    }
  }
}