{
  "epoch": 9,
  "phase": "valid",
  "loss": 0.30662396786472057,
  "mae": 0.6616013275360043,
  "rmse": 0.8743087157067828,
  "correlation": {
    "overall": 0.2631689634752995,
    "p1": -0.03880000859498978,
    "p2": -0.06319200992584229,
    "street": {
      "pre": 0.6384917796865356,
      "flop": NaN,
      "turn": 0.3650504460867978,
      "river": NaN
    }
  }
}