{
  "epoch": 6,
  "phase": "valid",
  "loss": 0.30662567702630494,
  "mae": 0.6615983349291108,
  "rmse": 0.8743091555525951,
  "correlation": {
    "overall": 0.26316921378170144,
    "p1": -0.03880774602293968,
    "p2": -0.06319600343704224,
    "street": {
      "pre": 0.6384850586702728,
      "flop": NaN,
      "turn": 0.3650479383636614,
      "river": NaN
    }
  }
}