{
  "epoch": 2,
  "phase": "valid",
  "loss": 0.3278344555649366,
  "mae": 0.6807358367816622,
  "rmse": 0.9228103981619823,
  "correlation": {
    "overall": 0.32882431069174217,
    "p1": -0.018395453691482544,
    "p2": -0.054803840816020966,
    "street": {
      "pre": 0.613430775958186,
      "flop": NaN,
      "turn": 0.4302028361346786,
      "river": NaN
    }
  }
}