{
  "epoch": 10,
  "phase": "train",
  "loss": 0.24589659554084525,
  "mae": 0.4076161747337877,
  "rmse": 0.720015756305343,
  "correlation": {
    "overall": 0.5361099093247359,
    "p1": 0.7621738314628601,
    "p2": 0.4301132559776306,
    "street": {
      "pre": 0.6508451155112741,
      "flop": NaN,
      "turn": 0.457290405323032,
      "river": NaN
    }
  }
}