{
  "epoch": 15,
  "phase": "valid",
  "loss": 0.3066196616723557,
  "mae": 0.6616089445812751,
  "rmse": 0.8743075639105262,
  "correlation": {
    "overall": 0.26316822064920087,
    "p1": -0.03876330330967903,
    "p2": -0.06318002194166183,
    "street": {
      "pre": 0.6385073748616044,
      "flop": NaN,
      "turn": 0.3650561807840793,
      "river": NaN
    }
  }
}