{
  "epoch": 36,
  "phase": "train",
  "loss": 0.26954912688310034,
  "mae": 0.5120701887993016,
  "rmse": 0.79817705362535,
  "correlation": {
    "overall": 0.436104838973847,
    "p1": 0.20469923317432404,
    "p2": 0.5777106881141663,
    "street": {
      "pre": 0.4547550859905974,
      "flop": NaN,
      "turn": 0.4304451629445863,
      "river": NaN
    }
  }
}