{
  "epoch": 25,
  "phase": "train",
  "loss": 0.27858474697595437,
  "mae": 0.549025472981023,
  "rmse": 0.8187849267182387,
  "correlation": {
    "overall": 0.4355985616291225,
    "p1": 0.1027674451470375,
    "p2": 0.6134834885597229,
    "street": {
      "pre": 0.41355947059815074,
      "flop": NaN,
      "turn": 0.4455841847431026,
      "river": NaN
    }
  }
}