{
  "epoch": 12,
  "phase": "valid",
  "loss": 0.306621931043745,
  "mae": 0.6616049203539051,
  "rmse": 0.8743081770761538,
  "correlation": {
    "overall": 0.26316860612067283,
    "p1": -0.03878670185804367,
    "p2": -0.06318672746419907,
    "street": {
      "pre": 0.6384993998962061,
      "flop": NaN,
      "turn": 0.365053244401661,
      "river": NaN
    }
  }
}