{
  "epoch": 6,
  "phase": "valid",
  "loss": 0.31099718354245665,
  "mae": 0.6634483045157745,
  "rmse": 0.8866600567918808,
  "correlation": {
    "overall": 0.3011291590978569,
    "p1": -0.03142604976892471,
    "p2": -0.0676029697060585,
    "street": {
      "pre": 0.6471152484733488,
      "flop": NaN,
      "turn": 0.40571575297933327,
      "river": NaN
    }
  }
}