{
  "epoch": 18,
  "phase": "valid",
  "loss": 0.30661728256355136,
  "mae": 0.6616129605730001,
  "rmse": 0.8743068880866098,
  "correlation": {
    "overall": 0.2631681027218884,
    "p1": -0.038726918399333954,
    "p2": -0.06317190080881119,
    "street": {
      "pre": 0.6385154401438344,
      "flop": NaN,
      "turn": 0.3650592404468833,
      "river": NaN
    }
  }
}