{
  "epoch": 35,
  "phase": "train",
  "loss": 0.2688625907786055,
  "mae": 0.5136949176547879,
  "rmse": 0.8050675712447843,
  "correlation": {
    "overall": 0.4464756601830278,
    "p1": 0.17025934159755707,
    "p2": 0.5855377912521362,
    "street": {
      "pre": 0.4772782291362587,
      "flop": NaN,
      "turn": 0.4321529433263837,
      "river": NaN
    }
  }
}