{
  "epoch": 39,
  "phase": "valid",
  "loss": 0.3066007099902676,
  "mae": 0.6616275524775752,
  "rmse": 0.8742966136154171,
  "correlation": {
    "overall": 0.2631787422177243,
    "p1": -0.03866574913263321,
    "p2": -0.06308941543102264,
    "street": {
      "pre": 0.6385718525284857,
      "flop": NaN,
      "turn": 0.36508272817099857,
      "river": NaN
    }
  }
}