{
  "epoch": 2,
  "phase": "train",
  "loss": 0.3403092497237295,
  "mae": 0.5160284473692606,
  "rmse": 0.6947623548442209,
  "correlation": {
    "overall": 0.22983256568932028,
    "p1": 0.07769511640071869,
    "p2": 0.09252528101205826,
    "street": {
      "pre": -0.047122782947951906,
      "flop": NaN,
      "turn": 0.3212924230526179,
      "river": NaN
    }
  }
}