{
  "epoch": 36,
  "phase": "valid",
  "loss": 0.30660322613045576,
  "mae": 0.6616255197952269,
  "rmse": 0.8742984223093262,
  "correlation": {
    "overall": 0.2631768184449646,
    "p1": -0.03866371139883995,
    "p2": -0.06310371309518814,
    "street": {
      "pre": 0.6385641239767087,
      "flop": NaN,
      "turn": 0.36507925260098983,
      "river": NaN
    }
  }
}