{
  "epoch": 24,
  "phase": "train",
  "loss": 0.27565415444796537,
  "mae": 0.5509365719330532,
  "rmse": 0.8168687762465543,
  "correlation": {
    "overall": 0.4451764382829484,
    "p1": 0.09780348837375641,
    "p2": 0.6179943084716797,
    "street": {
      "pre": 0.42054894068207976,
      "flop": NaN,
      "turn": 0.45710919192287075,
      "river": NaN
    }
  }
}