{
  "epoch": 7,
  "phase": "train",
  "loss": 0.34521236483437845,
  "mae": 0.6845427329553293,
  "rmse": 0.91116335214965,
  "correlation": {
    "overall": 0.3213121842084646,
    "p1": -0.0247581135481596,
    "p2": -0.026351183652877808,
    "street": {
      "pre": 0.2884530819081051,
      "flop": NaN,
      "turn": 0.3366881225410729,
      "river": NaN
    }
  }
}