{
  "epoch": 34,
  "phase": "train",
  "loss": 0.26744509871235184,
  "mae": 0.4932591809494761,
  "rmse": 0.7637576562556948,
  "correlation": {
    "overall": 0.4679474733826258,
    "p1": 0.17714226245880127,
    "p2": 0.6162765622138977,
    "street": {
      "pre": 0.4756450530769841,
      "flop": NaN,
      "turn": 0.4649851847890072,
      "river": NaN
    }
  }
}