{
  "epoch": 9,
  "phase": "valid",
  "loss": 0.31096937413620085,
  "mae": 0.6634517848505377,
  "rmse": 0.8866383135813635,
  "correlation": {
    "overall": 0.30115624754778436,
    "p1": -0.03100462071597576,
    "p2": -0.06738237291574478,
    "street": {
      "pre": 0.6471648956905512,
      "flop": NaN,
      "turn": 0.40574926639004616,
      "river": NaN
    }
  }
}