{
  "epoch": 8,
  "phase": "valid",
  "loss": 0.3109794152944023,
  "mae": 0.6634514305791771,
  "rmse": 0.8866471373090071,
  "correlation": {
    "overall": 0.3011450784117248,
    "p1": -0.031148817390203476,
    "p2": -0.06746959686279297,
    "street": {
      "pre": 0.6471482685346762,
      "flop": NaN,
      "turn": 0.4057377305137314,
      "river": NaN
    }
  }
}