{
  "epoch": 1,
  "phase": "valid",
  "loss": 0.32784209092163563,
  "mae": 0.6807200784231646,
  "rmse": 0.922809857307343,
  "correlation": {
    "overall": 0.32882939272600287,
    "p1": -0.01838829554617405,
    "p2": -0.05482318252325058,
    "street": {
      "pre": 0.6134198064939658,
      "flop": NaN,
      "turn": 0.430197204717023,
      "river": NaN
    }
  }
}