{
  "epoch": 10,
  "phase": "valid",
  "loss": 0.3066233195936713,
  "mae": 0.6616024667694691,
  "rmse": 0.8743085464743483,
  "correlation": {
    "overall": 0.26316885506492294,
    "p1": -0.03879644349217415,
    "p2": -0.06319039314985275,
    "street": {
      "pre": 0.6384942558648189,
      "flop": NaN,
      "turn": 0.3650513570130309,
      "river": NaN
    }
  }
}