{
  "epoch": 10,
  "phase": "train",
  "loss": 0.34345004201686,
  "mae": 0.6795986686539803,
  "rmse": 0.9161911972057187,
  "correlation": {
    "overall": 0.303792269663449,
    "p1": 0.007095890585333109,
    "p2": 0.027589842677116394,
    "street": {
      "pre": 0.3653284321093026,
      "flop": NaN,
      "turn": 0.27434621040139207,
      "river": NaN
    }
  }
}