{
  "epoch": 39,
  "phase": "train",
  "loss": 0.2697201743489266,
  "mae": 0.5103978714423107,
  "rmse": 0.8092762449167076,
  "correlation": {
    "overall": 0.44712441147701754,
    "p1": 0.14698319137096405,
    "p2": 0.5843073129653931,
    "street": {
      "pre": 0.5001235197843378,
      "flop": NaN,
      "turn": 0.42770574992721966,
      "river": NaN
    }
  }
}