{
  "epoch": 6,
  "phase": "train",
  "loss": 0.2655321065241644,
  "mae": 0.3832299924356233,
  "rmse": 0.6144768897656079,
  "correlation": {
    "overall": 0.5362783183029655,
    "p1": 0.501916766166687,
    "p2": 0.5984598398208618,
    "street": {
      "pre": 0.6372839039535406,
      "flop": NaN,
      "turn": 0.46133773233643627,
      "river": NaN
    }
  }
}