{
  "epoch": 9,
  "phase": "train",
  "loss": 0.24927537778523118,
  "mae": 0.3572684957111148,
  "rmse": 0.5536150733852986,
  "correlation": {
    "overall": 0.6753846692502814,
    "p1": 0.6435793042182922,
    "p2": 0.6970211267471313,
    "street": {
      "pre": 0.6636635068645659,
      "flop": NaN,
      "turn": 0.7166063348895915,
      "river": NaN
    }
  }
}