{
  "epoch": 3,
  "phase": "train",
  "loss": 0.3450079166347173,
  "mae": 0.6747136272963229,
  "rmse": 0.902382000170513,
  "correlation": {
    "overall": 0.2888207534686713,
    "p1": -0.02711094543337822,
    "p2": -0.03048342652618885,
    "street": {
      "pre": 0.26841488121972545,
      "flop": NaN,
      "turn": 0.29860796845810894,
      "river": NaN
    }
  }
}