{
  "epoch": 5,
  "phase": "train",
  "loss": 0.3443344609301857,
  "mae": 0.6952645394089676,
  "rmse": 0.9244959093384817,
  "correlation": {
    "overall": 0.2859483209485136,
    "p1": -0.030460290610790253,
    "p2": -0.03892436996102333,
    "street": {
      "pre": 0.2579361187194974,
      "flop": NaN,
      "turn": 0.30022413390480635,
      "river": NaN
    }
  }
}