{
  "epoch": 1,
  "phase": "valid",
  "loss": 0.31101769157680387,
  "mae": 0.6634675411703483,
  "rmse": 0.8866460049388587,
  "correlation": {
    "overall": 0.30109590949730075,
    "p1": -0.0316799096763134,
    "p2": -0.06773938238620758,
    "street": {
      "pre": 0.6470313061576493,
      "flop": NaN,
      "turn": 0.4056797550243136,
      "river": NaN
    }
  }
}