{
  "epoch": 29,
  "phase": "valid",
  "loss": 0.3066088460944779,
  "mae": 0.6616210943314204,
  "rmse": 0.8743022102382272,
  "correlation": {
    "overall": 0.2631725833707373,
    "p1": -0.03865181654691696,
    "p2": -0.0631338506937027,
    "street": {
      "pre": 0.6385456444839726,
      "flop": NaN,
      "turn": 0.365071260854297,
      "river": NaN
    }
  }
}