{
  "epoch": 4,
  "phase": "train",
  "loss": 0.3206742467570588,
  "mae": 0.7017971829143325,
  "rmse": 0.9139820700574421,
  "correlation": {
    "overall": 0.3896362103158322,
    "p1": 0.1371183842420578,
    "p2": 0.354637086391449,
    "street": {
      "pre": 0.31618396664543963,
      "flop": NaN,
      "turn": 0.4565656437408888,
      "river": NaN
    }
  }
}