{
  "epoch": 47,
  "phase": "train",
  "loss": 0.26667788227518563,
  "mae": 0.5031295559198371,
  "rmse": 0.8081096558133194,
  "correlation": {
    "overall": 0.4738129668577613,
    "p1": 0.12644287943840027,
    "p2": 0.6278598308563232,
    "street": {
      "pre": 0.47428676479344756,
      "flop": NaN,
      "turn": 0.4749175920307641,
      "river": NaN
    }
  }
}