{
  "epoch": 45,
  "phase": "valid",
  "loss": 0.306595506376107,
  "mae": 0.6616315356702198,
  "rmse": 0.8742926263542682,
  "correlation": {
    "overall": 0.26318299045339466,
    "p1": -0.038664281368255615,
    "p2": -0.06305817514657974,
    "street": {
      "pre": 0.6385872035789089,
      "flop": NaN,
      "turn": 0.3650897332538181,
      "river": NaN
    }
  }
}