{
  "epoch": 43,
  "phase": "valid",
  "loss": 0.30659726873162724,
  "mae": 0.6616302505646765,
  "rmse": 0.8742940147978415,
  "correlation": {
    "overall": 0.2631814801750004,
    "p1": -0.03866546228528023,
    "p2": -0.06306907534599304,
    "street": {
      "pre": 0.638582084943915,
      "flop": NaN,
      "turn": 0.3650873940228707,
      "river": NaN
    }
  }
}