{
  "epoch": 32,
  "phase": "valid",
  "loss": 0.30660648118928,
  "mae": 0.6616229149381446,
  "rmse": 0.8743006440014043,
  "correlation": {
    "overall": 0.2631743587658119,
    "p1": -0.03865721821784973,
    "p2": -0.0631214827299118,
    "street": {
      "pre": 0.6385536543020662,
      "flop": NaN,
      "turn": 0.36507466218747736,
      "river": NaN
    }
  }
}