{
  "epoch": 9,
  "phase": "train",
  "loss": 0.34149418990288527,
  "mae": 0.6471224577809541,
  "rmse": 0.8628254460553363,
  "correlation": {
    "overall": 0.3008657044189115,
    "p1": -0.002009275835007429,
    "p2": -0.00964279007166624,
    "street": {
      "pre": 0.25541255639364246,
      "flop": NaN,
      "turn": 0.32098776887838754,
      "river": NaN
    }
  }
}