{
  "epoch": 1,
  "phase": "train",
  "loss": 0.3395750956879149,
  "mae": 0.5828829309300114,
  "rmse": 0.7412339651206454,
  "correlation": {
    "overall": 0.2724934824595283,
    "p1": -0.026398571208119392,
    "p2": -0.17049306631088257,
    "street": {
      "pre": 0.028540935795885475,
      "flop": NaN,
      "turn": 0.3287420299422654,
      "river": NaN
    }
  }
}