{
  "epoch": 32,
  "phase": "train",
  "loss": 0.26878667586044047,
  "mae": 0.5030234210543039,
  "rmse": 0.7872253775251002,
  "correlation": {
    "overall": 0.4594863944820281,
    "p1": 0.1348201185464859,
    "p2": 0.6146039962768555,
    "street": {
      "pre": 0.47318188681335066,
      "flop": NaN,
      "turn": 0.45395931867838507,
      "river": NaN
    }
  }
}