{
  "epoch": 11,
  "phase": "train",
  "loss": 0.3405432705698205,
  "mae": 0.6623128402468892,
  "rmse": 0.8954947699425552,
  "correlation": {
    "overall": 0.2793487167738377,
    "p1": 0.029409661889076233,
    "p2": 0.05133892223238945,
    "street": {
      "pre": 0.2265826111984564,
      "flop": NaN,
      "turn": 0.3027725039007297,
      "river": NaN
    }
  }
}