{
  "epoch": 7,
  "phase": "valid",
  "loss": 0.3066251518549327,
  "mae": 0.6615992555127657,
  "rmse": 0.8743090200035071,
  "correlation": {
    "overall": 0.2631691415374517,
    "p1": -0.03880547732114792,
    "p2": -0.06319481134414673,
    "street": {
      "pre": 0.6384871454610452,
      "flop": NaN,
      "turn": 0.36504872505911,
      "river": NaN
    }
  }
}