{
  "epoch": 16,
  "phase": "train",
  "loss": 0.3199412033403254,
  "mae": 0.6607999164027002,
  "rmse": 0.9029697101617574,
  "correlation": {
    "overall": 0.3749695005583728,
    "p1": 0.09296495467424393,
    "p2": 0.4117196798324585,
    "street": {
      "pre": 0.37430949824015597,
      "flop": NaN,
      "turn": 0.37542457533633256,
      "river": NaN
    }
  }
}