{
  "epoch": 15,
  "phase": "train",
  "loss": 0.3263106086514912,
  "mae": 0.6769770132721631,
  "rmse": 0.9201221277900886,
  "correlation": {
    "overall": 0.3521676583053617,
    "p1": 0.09302457422018051,
    "p2": 0.3110896646976471,
    "street": {
      "pre": 0.33534718737548824,
      "flop": NaN,
      "turn": 0.35982344132464167,
      "river": NaN
    }
  }
}