{
  "epoch": 50,
  "phase": "valid",
  "loss": 0.30659100110963416,
  "mae": 0.6616345868610741,
  "rmse": 0.8742889450479822,
  "correlation": {
    "overall": 0.26318710902145587,
    "p1": -0.038658834993839264,
    "p2": -0.06302892416715622,
    "street": {
      "pre": 0.6385999293017168,
      "flop": NaN,
      "turn": 0.36509559679790804,
      "river": NaN
    }
  }
}