{
  "epoch": 44,
  "phase": "valid",
  "loss": 0.306596390275914,
  "mae": 0.6616308979126649,
  "rmse": 0.8742933263831134,
  "correlation": {
    "overall": 0.26318222572167627,
    "p1": -0.03866487368941307,
    "p2": -0.06306368112564087,
    "street": {
      "pre": 0.6385846467654367,
      "flop": NaN,
      "turn": 0.36508856370432047,
      "river": NaN
    }
  }
}