{
  "epoch": 21,
  "phase": "train",
  "loss": 0.29065151941769346,
  "mae": 0.6089451608182134,
  "rmse": 0.8677961479165068,
  "correlation": {
    "overall": 0.41641431591580363,
    "p1": 0.08861563354730606,
    "p2": 0.5819136500358582,
    "street": {
      "pre": 0.38407164568462526,
      "flop": NaN,
      "turn": 0.4336948922258003,
      "river": NaN
    }
  }
}