{
  "epoch": 17,
  "phase": "train",
  "loss": 0.3128656247028507,
  "mae": 0.628186081510669,
  "rmse": 0.86376487834019,
  "correlation": {
    "overall": 0.4008411659639459,
    "p1": 0.10947183519601822,
    "p2": 0.49627867341041565,
    "street": {
      "pre": 0.35806527030324814,
      "flop": NaN,
      "turn": 0.4235133616714137,
      "river": NaN
    }
  }
}