{
  "epoch": 14,
  "phase": "valid",
  "loss": 0.30662043933714545,
  "mae": 0.6616075658190115,
  "rmse": 0.8743077739395079,
  "correlation": {
    "overall": 0.26316834325322763,
    "p1": -0.03877263143658638,
    "p2": -0.06318242102861404,
    "street": {
      "pre": 0.6385046957411683,
      "flop": NaN,
      "turn": 0.36505518922245817,
      "river": NaN
    }
  }
}