{
  "epoch": 41,
  "phase": "train",
  "loss": 0.26675372349532345,
  "mae": 0.5115295148646644,
  "rmse": 0.8127940994817898,
  "correlation": {
    "overall": 0.4875050476536421,
    "p1": 0.1068311259150505,
    "p2": 0.6553797125816345,
    "street": {
      "pre": 0.44579542128505895,
      "flop": NaN,
      "turn": 0.5072058382461057,
      "river": NaN
    }
  }
}