{
  "epoch": 23,
  "phase": "train",
  "loss": 0.28472404319069,
  "mae": 0.5952898647025567,
  "rmse": 0.8569431004220444,
  "correlation": {
    "overall": 0.4220281914648823,
    "p1": 0.12503933906555176,
    "p2": 0.5718727707862854,
    "street": {
      "pre": 0.41759006496355994,
      "flop": NaN,
      "turn": 0.4238663707714039,
      "river": NaN
    }
  }
}