{
  "epoch": 30,
  "phase": "train",
  "loss": 0.2689159910462061,
  "mae": 0.5684131996723727,
  "rmse": 0.8509580220744792,
  "correlation": {
    "overall": 0.43287989678710415,
    "p1": 0.11148934811353683,
    "p2": 0.5811977982521057,
    "street": {
      "pre": 0.3990509817565691,
      "flop": NaN,
      "turn": 0.44865167296504055,
      "river": NaN
    }
  }
}