{
  "epoch": 5,
  "phase": "valid",
  "loss": 0.30662614966251445,
  "mae": 0.661597494903118,
  "rmse": 0.8743092801968435,
  "correlation": {
    "overall": 0.26316928484339297,
    "p1": -0.03880986571311951,
    "p2": -0.0631970539689064,
    "street": {
      "pre": 0.6384831907830881,
      "flop": NaN,
      "turn": 0.36504722225799285,
      "river": NaN
    }
  }
}