{
  "epoch": 4,
  "phase": "valid",
  "loss": 0.30662656359405394,
  "mae": 0.6615967388131526,
  "rmse": 0.8743093956010188,
  "correlation": {
    "overall": 0.26316936249019973,
    "p1": -0.03881169483065605,
    "p2": -0.06319795548915863,
    "street": {
      "pre": 0.6384815927900559,
      "flop": NaN,
      "turn": 0.36504659548589485,
      "river": NaN
    }
  }
}