{
  "epoch": 6,
  "phase": "train",
  "loss": 0.34499794930228767,
  "mae": 0.6847244918691526,
  "rmse": 0.9189574576103007,
  "correlation": {
    "overall": 0.29740262749712665,
    "p1": -0.023773517459630966,
    "p2": -0.03337356075644493,
    "street": {
      "pre": 0.3623033586779459,
      "flop": NaN,
      "turn": 0.267696223101513,
      "river": NaN
    }
  }
}