{
  "epoch": 10,
  "phase": "valid",
  "loss": 0.31095856327403737,
  "mae": 0.6634499016958615,
  "rmse": 0.8866278030203277,
  "correlation": {
    "overall": 0.3011706327306931,
    "p1": -0.030855737626552582,
    "p2": -0.06727823615074158,
    "street": {
      "pre": 0.6471816348750883,
      "flop": NaN,
      "turn": 0.4057609961061171,
      "river": NaN
    }
  }
}