{
  "epoch": 29,
  "phase": "train",
  "loss": 0.27437293890938125,
  "mae": 0.5172954407253963,
  "rmse": 0.7905959566661375,
  "correlation": {
    "overall": 0.4494444551202502,
    "p1": 0.12139662355184555,
    "p2": 0.6044928431510925,
    "street": {
      "pre": 0.4864064731731022,
      "flop": NaN,
      "turn": 0.43477207932791967,
      "river": NaN
    }
  }
}