{
  "epoch": 43,
  "phase": "train",
  "loss": 0.26296902657656673,
  "mae": 0.49718710685397116,
  "rmse": 0.8038767105745014,
  "correlation": {
    "overall": 0.46920552097401413,
    "p1": 0.12758125364780426,
    "p2": 0.6163182854652405,
    "street": {
      "pre": 0.47001209424150747,
      "flop": NaN,
      "turn": 0.46927481446238156,
      "river": NaN
    }
  }
}