{
  "epoch": 28,
  "phase": "valid",
  "loss": 0.3066096215753515,
  "mae": 0.661620513864502,
  "rmse": 0.8743027216058065,
  "correlation": {
    "overall": 0.26317200789272116,
    "p1": -0.03865109011530876,
    "p2": -0.06313779205083847,
    "street": {
      "pre": 0.6385429391442936,
      "flop": NaN,
      "turn": 0.36507013333771116,
      "river": NaN
    }
  }
}