{
  "epoch": 26,
  "phase": "valid",
  "loss": 0.3066111576622785,
  "mae": 0.6616193674694707,
  "rmse": 0.874303727418754,
  "correlation": {
    "overall": 0.2631708957612284,
    "p1": -0.038653332740068436,
    "p2": -0.06314541399478912,
    "street": {
      "pre": 0.6385374770634638,
      "flop": NaN,
      "turn": 0.3650678896759436,
      "river": NaN
    }
  }
}