{
  "epoch": 7,
  "phase": "train",
  "loss": 0.25651363845747427,
  "mae": 0.5719919021154988,
  "rmse": 0.9184741431002479,
  "correlation": {
    "overall": 0.4796369127067358,
    "p1": 0.07614383101463318,
    "p2": 0.7358912229537964,
    "street": {
      "pre": 0.42028280643153154,
      "flop": NaN,
      "turn": 0.5245055231222303,
      "river": NaN
    }
  }
}