{
  "epoch": 8,
  "phase": "train",
  "loss": 0.25106793953876283,
  "mae": 0.6859706902329453,
  "rmse": 1.1437184005629843,
  "correlation": {
    "overall": 0.2998113503636847,
    "p1": -0.35518714785575867,
    "p2": 0.7150719165802002,
    "street": {
      "pre": 0.22594384096916414,
      "flop": NaN,
      "turn": 0.36710411816360744,
      "river": NaN
    }
  }
}