{
  "epoch": 21,
  "phase": "valid",
  "loss": 0.30661495740729766,
  "mae": 0.6616160345512642,
  "rmse": 0.8743059515211842,
  "correlation": {
    "overall": 0.26316866887883245,
    "p1": -0.03868966922163963,
    "p2": -0.06316276639699936,
    "street": {
      "pre": 0.6385236400068939,
      "flop": NaN,
      "turn": 0.3650624081576136,
      "river": NaN
    }
  }
}