{
  "epoch": 5,
  "phase": "valid",
  "loss": 0.31100371737473714,
  "mae": 0.6634520582001202,
  "rmse": 0.8866617453841907,
  "correlation": {
    "overall": 0.3011199901147329,
    "p1": -0.03152753785252571,
    "p2": -0.0676521435379982,
    "street": {
      "pre": 0.6470975640317603,
      "flop": NaN,
      "turn": 0.4057058695060417,
      "river": NaN
    }
  }
}