{
  "epoch": 4,
  "phase": "valid",
  "loss": 0.3110087310574301,
  "mae": 0.6634595635139132,
  "rmse": 0.8866604039746941,
  "correlation": {
    "overall": 0.30111001973046686,
    "p1": -0.0315987765789032,
    "p2": -0.06769072264432907,
    "street": {
      "pre": 0.6470788246855231,
      "flop": NaN,
      "turn": 0.4056970396541723,
      "river": NaN
    }
  }
}