{
  "epoch": 8,
  "phase": "valid",
  "loss": 0.30662458012494326,
  "mae": 0.6616002555609574,
  "rmse": 0.8743088731271231,
  "correlation": {
    "overall": 0.26316905881434216,
    "p1": -0.03880295529961586,
    "p2": -0.06319348514080048,
    "street": {
      "pre": 0.6384893990062926,
      "flop": NaN,
      "turn": 0.3650495655802398,
      "river": NaN
    }
  }
}