{
  "epoch": 49,
  "phase": "train",
  "loss": 0.2634945957219471,
  "mae": 0.5083286101939931,
  "rmse": 0.8078219589092603,
  "correlation": {
    "overall": 0.4671952378875615,
    "p1": 0.14242953062057495,
    "p2": 0.6236921548843384,
    "street": {
      "pre": 0.4469692448289515,
      "flop": NaN,
      "turn": 0.47360432128919544,
      "river": NaN
    }
  }
}