{
  "epoch": 24,
  "phase": "valid",
  "loss": 0.30661268017500654,
  "mae": 0.6616181809339893,
  "rmse": 0.8743046916701613,
  "correlation": {
    "overall": 0.26316987149778553,
    "p1": -0.038661692291498184,
    "p2": -0.06315268576145172,
    "street": {
      "pre": 0.6385319574391412,
      "flop": NaN,
      "turn": 0.3650656676477134,
      "river": NaN
    }
  }
}