{
  "epoch": 4,
  "phase": "train",
  "loss": 0.34837739840340554,
  "mae": 0.6845312729622248,
  "rmse": 0.9234921800387609,
  "correlation": {
    "overall": 0.3072864447633479,
    "p1": -0.02429351955652237,
    "p2": -0.019575759768486023,
    "street": {
      "pre": 0.30961584149388904,
      "flop": NaN,
      "turn": 0.30754764132129697,
      "river": NaN
    }
  }
}