{
  "epoch": 42,
  "phase": "train",
  "loss": 0.2697207498738283,
  "mae": 0.5695015476924497,
  "rmse": 0.8810489849959151,
  "correlation": {
    "overall": 0.4504951076600188,
    "p1": 0.11060492694377899,
    "p2": 0.5798874497413635,
    "street": {
      "pre": 0.4877196611778824,
      "flop": NaN,
      "turn": 0.4367044352647855,
      "river": NaN
    }
  }
}