{
  "epoch": 25,
  "phase": "valid",
  "loss": 0.3066119202364628,
  "mae": 0.6616187853668508,
  "rmse": 0.8743042172914265,
  "correlation": {
    "overall": 0.2631703687859156,
    "p1": -0.03865638002753258,
    "p2": -0.063149094581604,
    "street": {
      "pre": 0.6385347229865073,
      "flop": NaN,
      "turn": 0.36506677489768713,
      "river": NaN
    }
  }
}