{
  "epoch": 3,
  "phase": "valid",
  "loss": 0.306626914628107,
  "mae": 0.6615960621305965,
  "rmse": 0.8743095089701292,
  "correlation": {
    "overall": 0.26316945979083195,
    "p1": -0.03881312161684036,
    "p2": -0.06319873034954071,
    "street": {
      "pre": 0.6384803222001755,
      "flop": NaN,
      "turn": 0.365046073421453,
      "river": NaN
    }
  }
}