{
  "epoch": 8,
  "phase": "train",
  "loss": 0.34391460610542496,
  "mae": 0.6596912761283075,
  "rmse": 0.8942176410899458,
  "correlation": {
    "overall": 0.29034276384871655,
    "p1": -0.013714571483433247,
    "p2": -0.016857076436281204,
    "street": {
      "pre": 0.33984756547474776,
      "flop": NaN,
      "turn": 0.2675095356428609,
      "river": NaN
    }
  }
}