{
  "epoch": 46,
  "phase": "valid",
  "loss": 0.30659461721350456,
  "mae": 0.6616321645373278,
  "rmse": 0.8742919150023866,
  "correlation": {
    "overall": 0.26318377264237053,
    "p1": -0.03866356611251831,
    "p2": -0.06305256485939026,
    "street": {
      "pre": 0.6385897571318792,
      "flop": NaN,
      "turn": 0.36509090246966974,
      "river": NaN
    }
  }
}