{
  "num_buckets": 169,
  "bucket_corrs": [
    0.02344883382503217,
    -0.03023286500302241,
    -0.06045786550876968,
    -0.03910256458543004,
    -0.09598896120262149,
    -0.06497232082236537,
    -0.04279877220637743,
    -0.015626931023508286,
    -0.04045264506728423,
    -0.06630368415609193,
    -0.08042121787240986,
    -0.04135806902320956,
    -0.020003127344138727,
    -0.04815599241718861,
    0.0690467600199186,
    -0.039709772715491615,
    -0.037746701864335264,
    -0.04244547059086904,
    -0.01925728497540624,
    -0.012130457107700676,
    0.02309725350480868,
    -0.03484554565238807,
    -0.04218421229280993,
    -0.04516564636489512,
    -0.046320474119818364,
    -0.015910104925327424,
    -0.03317106261971159,
    -0.02364934436489093,
    0.04384190530447375,
    -0.05670419371410165,
    -0.00871044163336852,
    0.0074713708074727984,
    0.01682840871433068,
    -0.05689240621799185,
    -0.04800040062292824,
    -0.057251065966461706,
    -0.07005815726184231,
    -0.05637244505917024,
    -0.028400980568415196,
    -0.02664715896466655,
    -0.022302742415404038,
    -0.03433224751818546,
    0.048411476930372954,
    -0.05922680003272779,
    -0.0607670957410347,
    -0.07306382329288122,
    -0.06730760863755289,
    -0.05134493098191677,
    -0.07664752454364673,
    -0.07296306609385617,
    -0.06447064793312073,
    -0.0435741051601075,
    -0.018681275098904042,
    -0.02441970077874481,
    -0.0314358603752002,
    -0.03346788026959842,
    0.06277281766763392,
    -0.06607877148798459,
    -0.05117957496418414,
    -0.061697809830631056,
    -0.03311282207172876,
    -0.05769450010087006,
    -0.05936416998169332,
    -0.047519301205315174,
    -0.03097290502315492,
    -0.030961919229663272,
    -0.03244413065524221,
    -0.035399988598337685,
    -0.04474021524773554,
    -0.04417377305277038,
    0.0515421134944644,
    -0.056807840573304146,
    -0.060022010954128305,
    -0.0478406686575933,
    -0.0544018742626224,
    -0.0663173935367752,
    -0.0653478511399031,
    -0.039063230980291484,
    -0.02403187062455626,
    -0.027585284416904145,
    -0.046918298919774094,
    -0.050796376776102145,
    -0.027439856724186668,
    -0.03934790854541913,
    0.05660199078386368,
    -0.07368159984654854,
    -0.048566268255254466,
    -0.0910734057591075,
    -0.07434178448181329,
    -0.0807604224115758,
    -0.036571889838511173,
    -0.03823694611620908,
    -0.019865404459849127,
    -0.04748798840613121,
    -0.06031529232482266,
    -0.04556718216401735,
    -0.042621133052529035,
    -0.05165544386747273,
    0.048374295049519116,
    -0.05064021956909067,
    -0.06717402612540008,
    -0.07000187487159427,
    -0.07104079587442234,
    -0.03916446421670018,
    -0.02527861217761962,
    -0.014869881705633971,
    -0.038063808785740186,
    -0.03288478210995156,
    -0.014631801494716754,
    -0.03187155939572343,
    -0.030978303919176955,
    -0.03234742012531677,
    0.07782303812360924,
    -0.0578583865213799,
    -0.06481183506167366,
    -0.06052001509695967,
    -0.019212782982587405,
    -0.0576408478238349,
    -0.03502900345719952,
    -0.04609183170773121,
    -0.0661838148267099,
    -0.04177241730073801,
    -0.04095793917599085,
    -0.06835444564872128,
    -0.04958761879571869,
    -0.022887650194392907,
    0.03904650950818907,
    -0.07368172620619079,
    -0.08272331141223392,
    -0.05423020906875178,
    -0.028592163323423618,
    -0.03631885732865616,
    -0.060984737720653936,
    -0.05986026334976011,
    -0.039809101413095134,
    -0.05277519444156404,
    -0.04952389442367463,
    -0.05028928728492088,
    -0.05015931129328905,
    -0.05925589305045871,
    0.05610550826012725,
    -0.07496468364881015,
    -0.0532317092033443,
    -0.03447903928836917,
    -0.04518295277239995,
    -0.05749786478439502,
    -0.061936333458221624,
    -0.03826269735079413,
    -0.05876233692597916,
    -0.06398664491251668,
    -0.05208879597831724,
    -0.040769370048130395,
    -0.06308433516501286,
    -0.05437644396910202,
    0.049609887816410264,
    -0.04574181868822488,
    -0.0075464062113618086,
    0.0001895539025148906,
    -0.013350947555137074,
    -0.027369832604396932,
    -0.013721034380119797,
    -0.03112705272080483,
    -0.024305956420371116,
    -0.032520773855091334,
    0.00024633377607455147,
    -0.040044725165110526,
    -0.03545282716808876,
    -0.031115940345502857,
    0.08264098656639751
  ]
}