{
  "timestamp": "2025-10-14T12:54:08.583553",
  "total_episodes": 10,
  "total_hands": 10,
  "current_stage": 3,
  "epsilon": 0.0,
  "memory_size": 544,
  "cfr_iterations": 10,
  "metrics": {
    "training_rewards": [
      30.0,
      -20,
      0,
      0,
      40.0,
      -69,
      -190,
      -20,
      50.0,
      -20
    ],
    "win_rates": [],
    "evaluation_scores": [],
    "epsilon_values": [
      0.3,
      0.3,
      0.3,
      0.3,
      0.3,
      0.3,
      0.3,
      0.2985,
      0.2970075,
      0.29552246249999997
    ],
    "loss_values": [],
    "stage_transitions": [
      {
        "stage": 1,
        "episode": 0,
        "timestamp": 0.0002505779266357422
      },
      {
        "stage": 2,
        "episode": 0,
        "timestamp": 0.02798748016357422
      },
      {
        "stage": 3,
        "episode": 5,
        "timestamp": 0.5800361633300781
      }
    ]
  }
}