{
  "timestamp": "2025-10-14T12:56:19.176384",
  "total_episodes": 10,
  "total_hands": 10,
  "current_stage": 3,
  "epsilon": 0.0,
  "memory_size": 522,
  "cfr_iterations": 10,
  "metrics": {
    "training_rewards": [
      30.0,
      -20,
      80.0,
      -20,
      -20,
      110.0,
      30.0,
      -20,
      -40,
      796.0
    ],
    "win_rates": [],
    "evaluation_scores": [],
    "epsilon_values": [
      0.3,
      0.3,
      0.3,
      0.3,
      0.3,
      0.3,
      0.3,
      0.3,
      0.3,
      0.2985
    ],
    "loss_values": [],
    "stage_transitions": [
      {
        "stage": 1,
        "episode": 0,
        "timestamp": 0.00027942657470703125
      },
      {
        "stage": 2,
        "episode": 0,
        "timestamp": 0.02826666831970215
      },
      {
        "stage": 3,
        "episode": 5,
        "timestamp": 0.5010497570037842
      }
    ]
  }
}