{
  "timestamp": "2025-10-14T12:46:09.398287",
  "total_episodes": 20,
  "total_hands": 20,
  "current_stage": 3,
  "epsilon": 0.0,
  "memory_size": 520,
  "cfr_iterations": 20,
  "metrics": {
    "training_rewards": [
      0,
      30.0,
      -20,
      -20,
      30.0,
      30.0,
      30.0,
      30.0,
      0,
      30.0,
      -40,
      0,
      0,
      40.0,
      340.0,
      -1000,
      0,
      50.0,
      -20,
      -360
    ],
    "win_rates": [],
    "evaluation_scores": [],
    "epsilon_values": [
      0.3,
      0.3,
      0.3,
      0.3,
      0.3,
      0.3,
      0.3,
      0.3,
      0.3,
      0.3,
      0.3,
      0.2985,
      0.2970075,
      0.29552246249999997,
      0.2940448501875,
      0.29257462593656247,
      0.2911117528068797,
      0.28965619404284526,
      0.28820791307263105,
      0.28676687350726787
    ],
    "loss_values": [],
    "stage_transitions": [
      {
        "stage": 1,
        "episode": 0,
        "timestamp": 0.0002543926239013672
      },
      {
        "stage": 2,
        "episode": 0,
        "timestamp": 0.030061960220336914
      },
      {
        "stage": 3,
        "episode": 10,
        "timestamp": 0.7530741691589355
      }
    ]
  }
}