{
  "timestamp": "2025-10-14T12:49:53.422900",
  "total_episodes": 10,
  "total_hands": 10,
  "current_stage": 3,
  "epsilon": 0.0,
  "memory_size": 544,
  "cfr_iterations": 10,
  "metrics": {
    "training_rewards": [
      0,
      0,
      0,
      30.0,
      50.0,
      0,
      -1000,
      -20,
      -40,
      -20
    ],
    "win_rates": [],
    "evaluation_scores": [],
    "epsilon_values": [
      0.3,
      0.3,
      0.3,
      0.3,
      0.3,
      0.3,
      0.2985,
      0.2970075,
      0.29552246249999997,
      0.2940448501875
    ],
    "loss_values": [],
    "stage_transitions": [
      {
        "stage": 1,
        "episode": 0,
        "timestamp": 0.0002791881561279297
      },
      {
        "stage": 2,
        "episode": 0,
        "timestamp": 0.028341054916381836
      },
      {
        "stage": 3,
        "episode": 5,
        "timestamp": 0.545018196105957
      }
    ]
  }
}